topic1_word,topic2_word,topic3_word,topic4_word,topic5_word,topic6_word,topic7_word,topic8_word
男人,记者,游戏,游戏,女人,模式,游戏,游戏
取消,中国,暴雪,角色,游戏,地狱,黑神话,公司
只能,游戏,特别,玩家,视频,命运,玩家,工作室
悟空,女粉,遇上,男性,展开,共同体,男性,发布
强行,国外,裁员,黑神话,大姐,可怕,悟空,黑神话
成功,报道,暴死,制作,三年,世界,评论,视频
家暴,国内,两年,宣传,欣赏,提高,女权,取卵
实力,历史,策划,选择,娃娃,生育率,性别,报道
主创,社会,原因,反串,细糠,困境,女生,美联社
全网,黑马,星鸣特,消费者,情趣,生态环境,中国,言论
身份证,世界,玩家,说话,发财,国界,世界,中国
案例,西方,赚钱,工作室,十斤,地球,粉丝,反串
娇妻,热度,玩游戏,官方,玩物,女人,尊重,发表
运动员,言论,工作,悟空,排像,吓人,主创,科学
好不容易,想要,实锤,澄清,尿酸,裂开,喜欢,观点
出台,集美,第一次,暴露,改造,想要,国产,该游戏
血淋淋,审美,行业,陷入,手术台,人权,群体,冯骥
奥运,男粉,自然,网友,自信,抱团,支持,支持
全红婵,发声,质疑,仿妆,一门,恶心,发布,嘲讽
为国争光,悟空,正面,真不,学问,生物,媒体,创始人
