topic1_word,topic2_word,topic3_word,topic4_word,topic5_word,topic6_word,topic7_word,topic8_word,topic9_word,topic10_word,topic11_word
游戏,取消,游戏,呼吸,女人,模式,喜欢,社会,游戏,游戏,世界
反串,男人,黑神话,简单,想要,地狱,抱团,游戏,说话,黑神话,恶心
黑神话,只能,视频,男像,人权,命运,游戏,地位,选择,支持,窒息
工作室,悟空,反串,女权,骑士,共同体,男性,女生,官方,劝阻,发声
制作,娇妻,工作室,子宫,愁容,可怕,玩家,男性,消费者,性别,愤怒
声称,强行,搞笑,中国,典当,生育率,杨奇,证明,宣传,叙事,毁灭
装作,成功,炸号,商品化,舒特,提高,视频,改变,干涉,对立,全世界
发表,身份证,博主发,处境,黑神话,生态环境,实在,确实,滋味,营销,地位
乙游,家暴,粉丝,这条,霸道,困境,发布,不可否认,陷入,纠结,一点
玩家,案例,账号,感觉,大锤,国界,工作室,黑神话,澄清,网络,性犯
女粉,运动员,嘲讽,活着,事件,地球,反串,购买力,仿妆,女拳,越来越
历史,出台,发布,蓄牲,诞生,吓人,账号,尊重,风波,一秒,是因为
言论,好不容易,言论,不唇,胯下,裂开,西瓜,时间,小美,挑起,哈哈哈
热度,奥运,西瓜,震撼,爱丁堡,生物,终究,捐精,转发,反对,受害者
工作人员,血淋淋,招聘,几天,生物,取卵,拯救,乙游,得意洋洋,双标,完蛋
全女,全红婵,装作,看热,当代,恐怖,加害者,话题,有钱,暴力,美女
平等,长发,发表,老实,官方,世界,简单,宣传,黑神话,杨奇,努力
宣传,赛场,发现,号房,体验,挠头,侮辱,神话,特别,黑马,明星
微信,为国争光,蟑螂,零零散散,穿梭,玩乙,造谣,十几年,妈妈,厕妹,出生
创立,佩戴,悟空,放到,灵长类,玩乙女,作品,自由,支持,包容,生物
