Topic,Name,Representation,Representative_Docs,Top_n_words,Number of Documents
-1,-1_微博热搜_代孕_结婚_女性,"['微博热搜', '代孕', '结婚', '女性', '离婚冷静期', '黑神话悟空', '离婚', '阻力', '悟空', '韩国']","['热点，马一下我总结一下这些天微博热搜都看了些什么：，离婚冷静期变相延长，结婚也不需要户口本了，女性结婚的阻力墙给你凿个洞，离婚的出口给你堵上，黑神话悟空辱女，顺直男空前狂欢不辱不玩，而女性只是玩乙女游戏自我取悦犯不着男的什么事，被哈圈男连番diss，印度女医生被畜牲们性侵虐杀，案发细节令人发指，韩国男团看起来最老实巴交的成员对女性实施了性犯罪，青岛代孕实验室，相关机构联合三甲医院医生开展代孕，取', '女性发展我总结一下这些天微博热搜都看了些什么：，离婚冷静期变相延长，结婚也不需要户口本了，女性结婚的阻力墙给你凿个洞，离婚的出口给你堵上，黑神话悟空辱女，顺直男空前狂欢不辱不玩，而女性只是玩乙女游戏自我取悦犯不着男的什么事，被哈圈男连番diss，印度女医生被畜牲们性侵虐杀，案发细节令人发指，韩国男团看起来最老实巴交的成员对女性实施了性犯罪，青岛代孕实验室，相关机构联合三甲医院医生开展代孕，取卵生', '受伤的只有女性我总结一下这些天微博热搜都看了些什么：，离婚冷静期变相延长，结婚也不需要户口本了，女性结婚的阻力墙给你凿个洞，离婚的出口给你堵上，黑神话悟空辱女，顺直男空前狂欢不辱不玩，而女性只是玩乙女游戏自我取悦犯不着男的什么事，被哈圈男连番diss，印度女医生被畜牲们性侵虐杀，案发细节令人发指，韩国男团看起来最老实巴交的成员对女性实施了性犯罪，青岛代孕实验室，相关机构联合三甲医院医生开展代孕，']","['微博热搜', '代孕', '结婚', '女性', '离婚冷静期', '黑神话悟空', '离婚', '阻力', '悟空', '韩国']",633
0,0_女性_代孕_结婚_实验室,"['女性', '代孕', '结婚', '实验室', '青岛', '相关', '韩国', '虐杀', '性侵', '畜牲']","['女性安全❗我总结一下这些天微博热搜都看了些什么：，离婚冷静期变相延长，结婚也不需要户口本了，女性结婚的阻力墙给你凿个洞，离婚的出口给你堵上，黑神话悟空辱女，顺直男空前狂欢不辱不玩，而女性只是玩乙女游戏自我取悦犯不着男的什么事，被哈圈男连番diss，印度女医生被畜牲们性侵虐杀，案发细节令人发指，韩国男团看起来最老实巴交的成员对女性实施了性犯罪，青岛代孕实验室，相关机构联合三甲医院医生开展代孕，取卵', '#女性健康#我总结一下这些天微博热搜都看了些什么：，离婚冷静期变相延长，结婚也不需要户口本了，女性结婚的阻力墙给你凿个洞，离婚的出口给你堵上，黑神话悟空辱女，顺直男空前狂欢不辱不玩，而女性只是玩乙女游戏自我取悦犯不着男的什么事，被哈圈男连番diss，印度女医生被畜牲们性侵虐杀，案发细节令人发指，韩国男团看起来最老实巴交的成员对女性实施了性犯罪，青岛代孕实验室，相关机构联合三甲医院医生开展代孕，取', '然而说几句大实话就被说是女性打女拳了😆\U0001faf0🏻//，离婚冷静期变相延长，结婚也不需要户口本了，女性结婚的阻力墙给你凿个洞，离婚的出口给你堵上，黑神话悟空辱女，顺直男空前狂欢不辱不玩，而女性只是玩乙女游戏自我取悦犯不着男的什么事，被哈圈男连番diss，印度女医生被畜牲们性侵虐杀，案发细节令人发指，韩国男团看起来最老实巴交的成员对女性实施了性犯罪，青岛代孕实验室，相关机构联合三甲医院医生开展代孕，']","['女性', '代孕', '结婚', '实验室', '青岛', '相关', '韩国', '虐杀', '性侵', '畜牲']",10832
1,1_结婚_微博热搜_女性_印度,"['结婚', '微博热搜', '女性', '印度', '虐杀', '性侵', 'diss', '女医生', '哈圈', '畜牲']","['这种规模化系统化的大型绞杀，们女的真是refugee中的refugee了我总结一下这些天微博热搜都看了些什么：，离婚冷静期变相延长，结婚也不需要户口本了，女性结婚的阻力墙给你凿个洞，离婚的出口给你堵上，黑神话悟空辱女，顺直男空前狂欢不辱不玩，而女性只是玩乙女游戏自我取悦犯不着男的什么事，被哈圈男连番diss，印度女医生被畜牲们性侵虐杀，案发细节令人发指，韩国男团看起来最老实巴交的成员对女性实施了', '每一个运都有好有坏，以下总结的全都是在上一个运积累着，然后在离火爆发我总结一下这些天微博热搜都看了些什么：，离婚冷静期变相延长，结婚也不需要户口本了，女性结婚的阻力墙给你凿个洞，离婚的出口给你堵上，黑神话悟空辱女，顺直男空前狂欢不辱不玩，而女性只是玩乙女游戏自我取悦犯不着男的什么事，被哈圈男连番diss，印度女医生被畜牲们性侵虐杀，案发细节令人发指，韩国男团看起来最老实巴交的成员对女性实施了性犯', '“不要温和地走进那个良夜”我总结一下这些天微博热搜都看了些什么：，离婚冷静期变相延长，结婚也不需要户口本了，女性结婚的阻力墙给你凿个洞，离婚的出口给你堵上，黑神话悟空辱女，顺直男空前狂欢不辱不玩，而女性只是玩乙女游戏自我取悦犯不着男的什么事，被哈圈男连番diss，印度女医生被畜牲们性侵虐杀，案发细节令人发指，韩国男团看起来最老实巴交的成员对女性实施了性犯罪，青']","['结婚', '微博热搜', '女性', '印度', '虐杀', '性侵', 'diss', '女医生', '哈圈', '畜牲']",645
2,2_说话_选择_官方_博主,"['说话', '选择', '官方', '博主', '宣传', '游戏', '黑神话悟空', '评论', '支持', '女性']","['11我不针对任何一个博主，也不去干涉别人的选择，但我看到黑神话悟空在陷入这么大的辱女风波后官方从未出来澄清，或者为女性消费者说话，而一些女博主却出着仿妆帮游戏宣传，有点不是滋味。。。 \u200b\u200b', '难道爱男会有福报🤓我不针对任何一个博主，也不去干涉别人的选择，但我看到黑神话悟空在陷入这么大的辱女风波后官方从未出来澄清，或者为女性消费者说话，而一些女博主却出着仿妆帮游戏宣传，有点不是滋味。。。 \u200b\u200b', '你已经在干涉了，不是滋味就憋着，不发出来表现一下自己与众不同你要憋死我不针对任何一个博主，也不去干涉别人的选择，但我看到黑神话悟空在陷入这么大的辱女风波后官方从未出来澄清，或者为女性消费者说话，而一些女博主却出着仿妆帮游戏宣传，有点不是滋味。。。 \u200b\u200b']","['说话', '选择', '官方', '博主', '宣传', '游戏', '黑神话悟空', '评论', '支持', '女性']",144
3,3_模式_共同体_命运_生态环境,"['模式', '共同体', '命运', '生态环境', '提高', '地狱', '生育率', '国界', '可怕', '困境']","['魔幻2024//://:恐怖如斯//:放在一起看就真的挺吓人的…//://:女性的困境没有国界……//://:女性命运共同体之地狱模式//:这可怕的生态环境还想提高生育率我总结一下这些天微博热搜都看了些什么：，离婚冷静期变相延长，结婚也不需要户口本了，女性结婚的阻力墙给你凿个洞，离婚的出口给你堵上，黑神话悟空辱女，顺直男空前狂欢不辱不玩，而女性只是玩乙女游戏自我取悦犯不着', '//://:恐怖如斯//:放在一起看就真的挺吓人的…//://:女性的困境没有国界……//://:女性命运共同体之地狱模式//:这可怕的生态环境还想提高生育率我总结一下这些天微博热搜都看了些什么：，离婚冷静期变相延长，结婚也不需要户口本了，女性结婚的阻力墙给你凿个洞，离婚的出口给你堵上，黑神话悟空辱女，顺直男空前狂欢不辱不玩，而女性只是玩乙女游戏自我取悦犯不着男的什么事，', '头晕目眩//://:恐怖如斯//:放在一起看就真的挺吓人的…//://:女性的困境没有国界……//://:女性命运共同体之地狱模式//:这可怕的生态环境还想提高生育率我总结一下这些天微博热搜都看了些什么：，离婚冷静期变相延长，结婚也不需要户口本了，女性结婚的阻力墙给你凿个洞，离婚的出口给你堵上，黑神话悟空辱女，顺直男空前狂欢不辱不玩，而女性只是玩乙女游戏自我取悦犯不着男的']","['模式', '共同体', '命运', '生态环境', '提高', '地狱', '生育率', '国界', '可怕', '困境']",140
4,4_模式_真的_命运_共同体,"['模式', '真的', '命运', '共同体', '地狱', '生态环境', '提高', '生育率', '可怕', '裂开']","['//://:放在一起看就真的挺吓人的…//://:女性的困境没有国界……//://:女性命运共同体之地狱模式//:这可怕的生态环境还想提高生育率//:放一起看真的整个人裂开//:大家在地球可我总结一下这些天微博热搜都看了些什么：，离婚冷静期变相延长，结婚也不需要户口本了，女性结婚的阻力墙给你凿个洞，离婚的出口给你堵上，黑神话悟空辱女，顺直男空前狂欢不辱不玩，而女性只是玩乙', '//:放在一起看就真的挺吓人的…//://:女性的困境没有国界……//://:女性命运共同体之地狱模式//:这可怕的生态环境还想提高生育率//:放一起看真的整个人裂开//:大家在地球可能都是hard模式，女性呢，地狱模式我总结一下这些天微博热搜都看了些什么：，离婚冷静期变相延长，结婚也不需要户口本了，女性结婚的阻力墙给你凿个洞，离婚的出口给你堵上，黑神话悟空辱女，顺直男空前狂欢不辱不玩，而女性只', '抖…//:放在一起看就真的挺吓人的…//://:女性的困境没有国界……//://:女性命运共同体之地狱模式//:这可怕的生态环境还想提高生育率//:放一起看真的整个人裂开//:大家在地球可能都是hard我总结一下这些天微博热搜都看了些什么：，离婚冷静期变相延长，结婚也不需要户口本了，女性结婚的阻力墙给你凿个洞，离婚的出口给你堵上，黑神话悟空辱女，顺直男空前狂欢不辱不玩，而']","['模式', '真的', '命运', '共同体', '地狱', '生态环境', '提高', '生育率', '可怕', '裂开']",126
5,5_游戏_装作_黑神话_言论,"['游戏', '装作', '黑神话', '言论', '开发', '乙游', '宣传', '信息', '自由', '地位']","['只有恭初才会信投稿：某个抖音账号声称自己创立了全女游戏工作室，还拉了个工作人员微信群，声称目标是要制作超过黑神话的游戏，但其实这个所谓的工作室完全是男的反串的，做了一系列逆天反串行为，用ai图制作了一个橙光乙游文字游戏，然后故意定价299到处宣传自己游戏要对标黑神话，在微信群里也装作女性发表各种逆天反串言论，装作完全不懂游戏相关知识然后在群里说要开发游戏引擎，还煞有介事地发表了一', '赛博刚交还是这个水准投稿：某个抖音账号声称自己创立了全女游戏工作室，还拉了个工作人员微信群，声称目标是要制作超过黑神话的游戏，但其实这个所谓的工作室完全是男的反串的，做了一系列逆天反串行为，用ai图制作了一个橙光乙游文字游戏，然后故意定价299到处宣传自己游戏要对标黑神话，在微信群里也装作女性发表各种逆天反串言论，装作完全不懂游戏相关知识然后在群里说要开发游戏引擎，还煞有介事地发表了一个所谓的工', '♂演♂信，又开始赛博肛交了投稿：某个抖音账号声称自己创立了全女游戏工作室，还拉了个工作人员微信群，声称目标是要制作超过黑神话的游戏，但其实这个所谓的工作室完全是男的反串的，做了一系列逆天反串行为，用ai图制作了一个橙光乙游文字游戏，然后故意定价299到处宣传自己游戏要对标黑神话，在微信群里也装作女性发表各种逆天反串言论，装作完全不懂游戏相关知识然后在群里说要开发游戏引擎，还煞有介事地发表']","['游戏', '装作', '黑神话', '言论', '开发', '乙游', '宣传', '信息', '自由', '地位']",119
6,6_模式_抱团_世界_结婚,"['模式', '抱团', '世界', '结婚', '真的', '微博热搜', '地狱', '女性', '印度', 'diss']","[':女性的困境没有国界……//://:女性命运共同体之地狱模式//:这可怕的生态环境还想提高生育率//:放一起看真的整个人裂开//:大家在地球可能都是hard模式，女性呢，离婚冷静期变相延长，结婚也不需要户口本了，女性结婚的阻力墙给你凿个洞，离婚的出口给你堵上，黑神话悟空辱女，顺直男空前狂欢不辱不玩，而女性只是玩乙女游戏自我取悦犯不着男的什么事，被哈圈男连番diss，印度女医生被畜', '…//://://:女性的困境没有国界……//://://:女性命运共同体之地狱模式//:这可怕的生态环境还想提高生育率我总结一下这些天微博热搜都看了些什么：，离婚冷静期变相延长，结婚也不需要户口本了，女性结婚的阻力墙给你凿个洞，离婚的出口给你堵上，黑神话悟空辱女，顺直男空前狂欢不辱不玩，而女性只是玩乙女游戏自我取悦犯不着男的什么事，被哈圈男连番diss，印度女医生被畜牲', '/:放在一起看就真的挺吓人的…//:女性的困境没有国界……//:女性命运共同体之地狱模式//:这可怕的生态环境还想提高生育率我总结一下这些天微博热搜都看了些什么：，离婚冷静期变相延长，结婚也不需要户口本了，女性结婚的阻力墙给你凿个洞，离婚的出口给你堵上，黑神话悟空辱女，顺直男空前狂欢不辱不玩，而女性只是玩乙女游戏自我取悦犯不着男的什么事，被哈圈男连番diss，印度女医生被畜牲们性侵虐杀，']","['模式', '抱团', '世界', '结婚', '真的', '微博热搜', '地狱', '女性', '印度', 'diss']",111
7,7_出台_没关系_运动员_家暴,"['出台', '没关系', '运动员', '家暴', '身份证', '中指', '新闻', '取消', '成功', '全网']","['无助又心酸整个8月的新闻感觉都是在践踏女性.，奥运赛场上为国争光的孙颖莎全红婵被“幼化”，强行给她们p上长发就为了成为实力不如自己的男运动员的小娇妻；，被家暴16次终身只能佩戴粪袋的小谢好不容易在离婚冷静期的阻力下离婚成功，血淋淋的案例没有取消离婚冷静期，而是出台了所谓的“结婚只需要身份证”；，辱华辱女的黑悟空受到了全网男人的大力追捧，主创站在天安men‘下竖中指没关系，只要辱女一切皆可以', '我们女的两眼一睁就是被剔除人籍整个8月的新闻感觉都是在践踏女性.，奥运赛场上为国争光的孙颖莎全红婵被“幼化”，强行给她们p上长发就为了成为实力不如自己的男运动员的小娇妻；，被家暴16次终身只能佩戴粪袋的小谢好不容易在离婚冷静期的阻力下离婚成功，血淋淋的案例没有取消离婚冷静期，而是出台了所谓的“结婚只需要身份证”；，辱华辱女的黑悟空受到了全网男人的大力追捧，主创站在天安men‘下竖中指没关系', '毛骨悚然整个8月的新闻感觉都是在践踏女性.，奥运赛场上为国争光的孙颖莎全红婵被“幼化”，强行给她们p上长发就为了成为实力不如自己的男运动员的小娇妻；，被家暴16次终身只能佩戴粪袋的小谢好不容易在离婚冷静期的阻力下离婚成功，血淋淋的案例没有取消离婚冷静期，而是出台了所谓的“结婚只需要身份证”；，辱华辱女的黑悟空受到了全网男人的大力追捧，主创站在天安men‘下竖中指没关系，只要辱女一切皆可以原']","['出台', '没关系', '运动员', '家暴', '身份证', '中指', '新闻', '取消', '成功', '全网']",79
8,8_黑神话_放弃_微博_觉醒,"['黑神话', '放弃', '微博', '觉醒', '好好', '该死', '手机', '男拳', '女生', '评论']","['笑坏了//:😭//:致敬传奇品客二次元男装女男拳营销号贾海东先生，凌晨哭诉亲妈病重放弃抢救，一觉醒来新北捡尸；守夜不忘引导网暴13岁女生；觉得自己该死没好好陪家人，4小时后兽人控；吹完黑神话牛逼，第二天去看骨灰盒；上一秒在反思中刷手机，下一秒分享女子差点被卡车孝掉大牙了里神乐，家里人趋势了还不忘更新微博，大夫也表示尽力了，说节袁，去icu也只是跟现在维系，30天内，博主已拉黑恶意评论', '祝早④//:致敬传奇品客二次元男装女男拳营销号贾海东先生，凌晨哭诉亲妈病重放弃抢救，一觉醒来新北捡尸；守夜不忘引导网暴13岁女生；觉得自己该死没好好陪家人，4小时后兽人控；吹完黑神话牛逼，第二天去看骨灰盒；上一秒在反思中刷手机，下一秒分享女子差点被卡车碾死的大运孝掉大牙了里神乐，家里人趋势了还不忘更新微博，大夫也表示尽力了，说节袁，去icu也只是跟现在维系，30天内，博主已拉黑恶意评论', '绝了//:致敬传奇品客二次元男装女男拳营销号贾海东先生，凌晨哭诉亲妈病重放弃抢救，一觉醒来新北捡尸；守夜不忘引导网暴13岁女生；觉得自己该死没好好陪家人，4小时后兽人控；吹完黑神话牛逼，第二天去看骨灰盒；上一秒在反思中刷手机，下一秒分享女子差点被卡车碾死的孝掉大牙了里神乐，家里人趋势了还不忘更新微博，大夫也表示尽力了，说节袁，去icu也只是跟现在维系，30天内，博主已拉黑恶意评论用户5']","['黑神话', '放弃', '微博', '觉醒', '好好', '该死', '手机', '男拳', '女生', '评论']",40
9,9_网络_反对_叙事_支持,"['网络', '反对', '叙事', '支持', '挑起', '黑神话', '对立', '杨奇', '性别', '文化输出']","['公式就是好用//说几句个人的感慨：，现在他们说劝阻过他们的人，在挑起对立；，反对了“性别叙事”的人，被他们说是“厕妹”，质疑了“双标行为”的人，被他们说是“网络暴力”，制止了“性骚扰”的人，被他们说是“包容和支持军国主义”，斥责杨奇的劣行的人，被他们说是干扰《黑神话》的正常发售，劝阻给《黑神话》“无限上价值”的人，被他们说是阻碍“中国文化输出”，指出游戏主创“歧视女性”的错误发言的人，被', '//说几句个人的感慨：，现在他们说劝阻过他们的人，在挑起对立；，反对了“性别叙事”的人，被他们说是“厕妹”，质疑了“双标行为”的人，被他们说是“网络暴力”，制止了“性骚扰”的人，被他们说是“包容和支持军国主义”，斥责杨奇的劣行的人，被他们说是干扰《黑神话》的正常发售，劝阻给《黑神话》“无限上价值”的人，被他们说是阻碍“中国文化输出”，指出游戏主创“歧视', '//说几句个人的感慨：，现在他们说劝阻过他们的人，在挑起对立；，反对了“性别叙事”的人，被他们说是“厕妹”，质疑了“双标行为”的人，被他们说是“网络暴力”，制止了“性骚扰”的人，被他们说是“包容和支持军国主义”，斥责杨奇的劣行的人，被他们说是干扰《黑神话》的正常发售，劝阻给《黑神话》“无限上价值”的人，被他们说是阻碍“中国文化输出”，指出游戏主创“歧视女性”的错误']","['网络', '反对', '叙事', '支持', '挑起', '黑神话', '对立', '杨奇', '性别', '文化输出']",33
10,10_视频_实在_方式_无数,"['视频', '实在', '方式', '无数', '感叹', '更是', '传播', '智商', '感人', '攻击']","['男的演男的信全员唇珠//他还创了一个BHB全男游戏工作室的账号，发布的西瓜条视频的文案和出镜方式都和全女游戏工作室的账号里发布的西瓜条视频一样，如此明显又低能地反串，还被各种男拳营销号做成视频大加传播，还有无数人信，实在让人感叹部分反串男有多4000+另一些人更是但凡见到攻击女性或女性黑料就立马扔掉脑子全然相信，实在智商感人，让人疑惑这帮人是不是不造谣就浑身难受:', '当他装女时，他最阳刚//他还创了一个BHB全男游戏工作室的账号，发布的西瓜条视频的文案和出镜方式都和全女游戏工作室的账号里发布的西瓜条视频一样，如此明显又低能地反串，还被各种男拳营销号做成视频大加传播，还有无数人信，实在让人感叹部分反串男有多4000+另一些人更是但凡见到攻击女性或女性黑料就立马扔掉脑子全然相信，实在智商感人，让人疑惑这帮人是不是不造谣就浑身难受:IM', '噗//他还创了一个BHB全男游戏工作室的账号，发布的西瓜条视频的文案和出镜方式都和全女游戏工作室的账号里发布的西瓜条视频一样，如此明显又低能地反串，还被各种男拳营销号做成视频大加传播，还有无数人信，实在让人感叹部分反串男有多4000+另一些人更是但凡见到攻击女性或女性黑料就立马扔掉脑子全然相信，实在智商感人，让人疑惑这帮人是不是不造谣就浑身难受::logo，暂时']","['视频', '实在', '方式', '无数', '感叹', '更是', '传播', '智商', '感人', '攻击']",32
11,11_情绪_原谅_没关系_中指,"['情绪', '原谅', '没关系', '中指', '出台', '运动员', '身份证', '家暴', '取消', '成功']","['奥运赛场上为国争光的孙颖莎全红婵被“幼化”，强行给她们p上长发就为了成为实力不如自己的男运动员的小娇妻；，被家暴16次终身只能佩戴粪袋的小谢好不容易在离婚冷静期的阻力下离婚成功，血淋淋的案例没有取消离婚冷静期，而是出台了所谓的“结婚只需要身份证”；，辱华辱女的黑悟空受到了全网男人的大力追捧，主创站在天安men‘下竖中指没关系，只要辱女一切皆可以原谅；，能为女性提供情绪价值的乙游被满口脏话的哈圈男', '奥运赛场上为国争光的孙颖莎全红婵被“幼化”，强行给她们p上长发就为了成为实力不如自己的男运动员的小娇妻；，被家暴16次终身只能佩戴粪袋的小谢好不容易在离婚冷静期的阻力下离婚成功，血淋淋的案例没有取消离婚冷静期，而是出台了所谓的“结婚只需要身份证”；，辱华辱女的黑悟空受到了全网男人的大力追捧，主创站在天安men‘下竖中指没关系，只要辱女一切皆可以原谅；，能为女性提供情绪价值的乙游被满口脏话的哈圈男', '奥运赛场上为国争光的孙颖莎全红婵被“幼化”，强行给她们p上长发就为了成为实力不如自己的男运动员的小娇妻；，被家暴16次终身只能佩戴粪袋的小谢好不容易在离婚冷静期的阻力下离婚成功，血淋淋的案例没有取消离婚冷静期，而是出台了所谓的“结婚只需要身份证”；，辱华辱女的黑悟空受到了全网男人的大力追捧，主创站在天安men‘下竖中指没关系，只要辱女一切皆可以原谅；，能为女性提供情绪价值的乙游被满口脏话的哈圈男']","['情绪', '原谅', '没关系', '中指', '出台', '运动员', '身份证', '家暴', '取消', '成功']",27
12,12_游戏_有人_乙游_支持,"['游戏', '有人', '乙游', '支持', '宣传', '刻板', '印象', '思想', '尊重', '未来']","['从很久很久以前开始，在玩游戏这一块，人们似乎多数都是认定：“女的打游戏不行的”、“游戏吗，可能你会说乙游游戏就是服务女性为主的游戏区域，他们做这些是应该的，所以从未有人将它拿去作为宣传说是xx游戏证明了女性购买力，所以从未有人将它拿去作为宣传说是xx乙游上线，给全体员工放一天假支持一下，有的人又要说这是他十几年前的刻板印象，现在思想是会改变的，但你不可否认十几年前他就是有不尊重女性的成分且刻', '从很久很久以前开始，在玩游戏这一块，人们似乎多数都是认定：“女的打游戏不行的”、“游戏吗，可能你会说乙游游戏就是服务女性为主的游戏区域，他们做这些是应该的，所以从未有人将它拿去作为宣传说是xx游戏证明了女性购买力，所以从未有人将它拿去作为宣传说是xx乙游上线，给全体员工放一天假支持一下，有的人又要说这是他十几年前的刻板印象，现在思想是会改变的，但你不可否认十几年前他就是有不尊重女性的成分且刻', '从很久很久以前开始，在玩游戏这一块，人们似乎多数都是认定：“女的打游戏不行的”、“游戏吗，可能你会说乙游游戏就是服务女性为主的游戏区域，他们做这些是应该的，所以从未有人将它拿去作为宣传说是xx游戏证明了女性购买力，所以从未有人将它拿去作为宣传说是xx乙游上线，给全体员工放一天假支持一下，有的人又要说这是他十几年前的刻板印象，现在思想是会改变的，但你不可否认十几年前他就是有不尊重女性的成分且刻']","['游戏', '有人', '乙游', '支持', '宣传', '刻板', '印象', '思想', '尊重', '未来']",26
13,13_集体_黑神话_几天_男性,"['集体', '黑神话', '几天', '男性', '微博', '恶意', '只能', '支持', '一句', '现实']","['不过你家主创都可以无缘无故竖中指兼倭里倭气南京太阴了，无端骂女对于他来说简直太寻常小事叻//你刷到是男性集体扫射女性，而我刷到的是女性借黑神话集体扫射男性，这就是现实，网络上的东西永远都是为你量身定制的，围观了几天微博……只能说很多男人对女性的恶意和看不起都是不演了不装了，打着支持黑神话的幌子来对女性集体侮辱性扫射，我基本上没有看到一个正常男的说一句公道的话，想当年黑神话刚释出消息的', '说的这个游戏主创的言论，不是一群男的非要凑上来说，围观了几天微博……只能说很多男人对女性的恶意和看不起都是不演了不装了，打着支持黑神话的幌子来对女性集体侮辱性扫射，我基本上没有看到一个正常男的说一句公道的话，//你刷到是男性集体扫射女性，而我刷到的是女性借黑神话集体扫射男性，这就是现实，网络上的东西永远都是为你量身定制的，想当年黑神话刚释出消息的时候，喜欢大圣的我激动的在b站刷了一遍又一', '起因是什么，是男主创无缘无故骂女呀，你不骂女谁搭理你，先撩者贱//你刷到是男性集体扫射女性，而我刷到的是女性借黑神话集体扫射男性，这就是现实，网络上的东西永远都是为你量身定制的，围观了几天微博……只能说很多男人对女性的恶意和看不起都是不演了不装了，打着支持黑神话的幌子来对女性集体侮辱性扫射，我基本上没有看到一个正常男的说一句公道的话，想当年黑神话刚释出消息的时候，喜欢大圣的我激动的在']","['集体', '黑神话', '几天', '男性', '微博', '恶意', '只能', '支持', '一句', '现实']",24
14,14_事件_黑神话_生物_微博,"['事件', '黑神话', '生物', '微博', '维护', '官方', '姐妹们', '发生', '女人', '相关']","['\u200b::倍舒特黑神话辱女事件，作关来自建二.官博互动黑神话相关，网倍舒特官方微博：陪吃一包芝士牛肉味的网页链接，华、抄袭等行为三.①②事件发生后，姐妹们积极维护，穿梭在写字楼的灵长类生物当代“廉价劳动力”的代名，倍舒特四.倍舒特用户体验感，量卫生维优2023-05五.倍舒特宣称关爱女性，#黑神话', '\u200b::倍舒特黑神话辱女事件，作关来自建二.官博互动黑神话相关，网倍舒特官方微博：陪吃一包芝士牛肉味的网页链接，华、抄袭等行为三.①②事件发生后，姐妹们积极维护，穿梭在写字楼的灵长类生物当代“廉价劳动力”的代名，倍舒特四.倍舒特用户体验感，量卫生维优2023-05五.倍舒特宣称关爱女性，#黑神话', '\u200b::倍舒特黑神话辱女事件，作关来自建二.官博互动黑神话相关，网倍舒特官方微博：陪吃一包芝士牛肉味的网页链接，华、抄袭等行为三.①②事件发生后，姐妹们积极维护，穿梭在写字楼的灵长类生物当代“廉价劳动力”的代名，倍舒特四.倍舒特用户体验感，量卫生维优2023-05五.倍舒特宣称关爱女性，#黑神话']","['事件', '黑神话', '生物', '微博', '维护', '官方', '姐妹们', '发生', '女人', '相关']",24
15,15_阴暗处_装不下_掩埋_多到,"['阴暗处', '装不下', '掩埋', '多到', '地下', '家里', '一只', '发现', '蟑螂', '微博热搜']","['//而这些只是爆出来的，掩埋在地下的不知道还有多少，当你发现家里出现了一只蟑螂的时候，阴暗处已经多到装不下了我总结一下这些天微博热搜都看了些什么：，离婚冷静期变相延长，结婚也不需要户口本了，女性结婚的阻力墙给你凿个洞，离婚的出口给你堵上，黑神话悟空辱女，顺直男空前狂欢不辱不玩，而女性只是玩乙女游戏自我取悦犯不着男的什么事，被哈圈男连番diss，印度女医生被畜牲们性侵虐杀，案发细', '精准概括//而这些只是爆出来的，掩埋在地下的不知道还有多少，当你发现家里出现了一只蟑螂的时候，阴暗处已经多到装不下了我总结一下这些天微博热搜都看了些什么：，离婚冷静期变相延长，结婚也不需要户口本了，女性结婚的阻力墙给你凿个洞，离婚的出口给你堵上，黑神话悟空辱女，顺直男空前狂欢不辱不玩，而女性只是玩乙女游戏自我取悦犯不着男的什么事，被哈圈男连番diss，印度女医生被畜牲们性侵虐杀，案发细', '//而这些只是爆出来的，掩埋在地下的不知道还有多少，当你发现家里出现了一只蟑螂的时候，阴暗处已经多到装不下了我总结一下这些天微博热搜都看了些什么：，离婚冷静期变相延长，结婚也不需要户口本了，女性结婚的阻力墙给你凿个洞，离婚的出口给你堵上，黑神话悟空辱女，顺直男空前狂欢不辱不玩，而女性只是玩乙女游戏自我取悦犯不着男的什么事，被哈圈男连番diss，印度女医生被畜牲们性侵虐杀，案发细']","['阴暗处', '装不下', '掩埋', '多到', '地下', '家里', '一只', '发现', '蟑螂', '微博热搜']",23
16,16_粉丝_购买力_黑神话_男性购买力,"['粉丝', '购买力', '黑神话', '男性购买力', '瑞幸', '联名', '朋友圈', '只能', '数据', '性别']","['因为女性都在抵制黑神话，所以由此可以得出黑神话的联名产品，都是男性在卖的#黑神话证明男性购买力##瑞幸CGO称男性购买力颠覆认知了#，那也只能得出结论黑神话粉丝比jojo粉丝购买力强，或者黑神话粉丝比茅台粉丝购买力强…，瑞幸是个咖啡品牌，不是海澜之家，不是只卖男的不卖女的，品牌CGO在朋友圈说男性购买力颠覆团队认知了，没有透露任何数据，直接就夸上男的了…，所以买联名的所有客户都一个不漏做', '没问题呀黑神话爆火咖啡九成以上是男性然后说男性购买力强大有什么问题，字里行间都没说过你们女性没有购买力怎么脑补出来的#黑神话证明男性购买力#，那也只能得出结论黑神话粉丝比jojo粉丝购买力强，或者黑神话粉丝比茅台粉丝购买力强…，瑞幸是个咖啡品牌，不是海澜之家，不是只卖男的不卖女的，品牌CGO在朋友圈说男性购买力颠覆团队认知了，没有透露任何数据，直接就夸上男的了…，所以买联名的所有客户都一个不漏做', '哈哈我都好奇千元机男用户买得起游戏么，别光是嘴上支持吧//，那也只能得出结论黑神话粉丝比jojo粉丝购买力强，或者黑神话粉丝比茅台粉丝购买力强…，瑞幸是个咖啡品牌，不是海澜之家，不是只卖男的不卖女的，品牌CGO在朋友圈说男性购买力颠覆团队认知了，没有透露任何数据，直接就夸上男的了…，所以买联名的所有客户都一个不漏做了性别统计调查，确认都是男的买的，女的上班看到新咖啡买一杯尝一口立马变性长jb了…']","['粉丝', '购买力', '黑神话', '男性购买力', '瑞幸', '联名', '朋友圈', '只能', '数据', '性别']",22
17,17_模式_地狱_共同体_命运,"['模式', '地狱', '共同体', '命运', '生态环境', '提高', '生育率', '可怕', '国界', '困境']","['真有意思//://:放在一起看就真的挺吓人的…//:女性命运共同体之地狱模式//:这可怕的生态环境还想提高生育率//:放一起看真的整个人裂开//:大家在地球可能都是hard模式，女性呢，地狱模式我总结一下这些天微博热搜都看了些什么：，离婚冷静期变相延长，结婚也不需要户口本了，女性结婚的阻力墙给你凿个洞，离婚的出口给你堵上，黑神话悟空辱女，顺直男空前狂欢不辱不玩，而女性只是玩乙女游戏自我取', '//://://://:女性的困境没有国界……//://:女性命运共同体之地狱模式//:这可怕的生态环境还想提高生育率//:放一起看真的整个人裂开//:大家在地球可能都是hard我总结一下这些天微博热搜都看了些什么：，离婚冷静期变相延长，结婚也不需要户口本了，女性结婚的阻力墙给你凿个洞，离婚的出口给你堵上，黑神话悟空辱女，顺直男空前狂欢不辱不玩，而女性只是玩乙女游戏自我取', '哈哈//:女性的困境没有国界……//://:女性命运共同体之地狱模式//:这可怕的生态环境还想提高生育率//:放一起看真的整个人裂开//:大家在地球可能都是hard模式，女性呢，地狱模式我总结一下这些天微博热搜都看了些什么：，离婚冷静期变相延长，结婚也不需要户口本了，女性结婚的阻力墙给你凿个洞，离婚的出口给你堵上，黑神话悟空辱女，顺直男空前狂欢不辱不玩，而女性只是玩乙女游戏自我取']","['模式', '地狱', '共同体', '命运', '生态环境', '提高', '生育率', '可怕', '国界', '困境']",22
18,18_真的_模式_地狱_共同体,"['真的', '模式', '地狱', '共同体', '命运', '结婚', '微博热搜', '吓人', 'diss', '放在']","['//://:放在一起看就真的挺吓人的…//://:女性的困境没有国界……//://:女性命运共同体之地狱模式//:这可怕的生态环境还想提高生育我总结一下这些天微博热搜都看了些什么：，离婚冷静期变相延长，结婚也不需要户口本了，女性结婚的阻力墙给你凿个洞，离婚的出口给你堵上，黑神话悟空辱女，顺直男空前狂欢不辱不玩，而女性只是玩乙女游戏自我取悦犯不着男的什么事，被哈圈男连番diss，印', '想挖个坑把男的全埋了//:挠头..//://:放在一起看就真的挺吓人的…//://:女性命运共同体之地狱模式//:这可怕的生态环境还想提高生育率//:放一起看真的整个人裂开//，离婚冷静期变相延长，结婚也不需要户口本了，女性结婚的阻力墙给你凿个洞，离婚的出口给你堵上，黑神话悟空辱女，顺直男空前狂欢不辱不玩，而女性只是玩乙女游戏自我取悦犯不着男的什么事，被哈圈男连番diss', '//://:😐//:😓//://://://://:挠头..//:放在一起看就真的挺吓人的…//:女性命运共同体之地狱模式//:放一起看真的整个人裂开我总结一下这些天微博热搜都看了些什么：，离婚冷静期变相延长，结婚也不需要户口本了，女性结婚的阻力墙给你凿个洞，离婚的出口给你堵上，黑神话悟空辱女，顺直男空前狂欢不辱不玩，而女性只是玩乙女游戏自我取悦犯不着男的什么事，被哈圈男连番diss']","['真的', '模式', '地狱', '共同体', '命运', '结婚', '微博热搜', '吓人', 'diss', '放在']",21
19,19_黑神话_抵制_只会_道歉,"['黑神话', '抵制', '只会', '道歉', '想法', '有人', '联动', '被迫', '事件', '真的']","['又伟大了波看到全职高手因为联动黑神话被抵制被迫道歉的瓜，突然有点想法，在直播的时候有人问他为什么不玩黑神话，他说”主播只会玩英雄联盟”，喻文波在LOL职业选手里面算长得比较清秀的，所以女粉稍微多一些，但女粉多归多，毕竟是LOL职业选手，男粉比例绝对也不低，再加上竞女对哥哥的宽容度普遍较高，所以喻文波即便真的开播黑神话，大概率不会有什么问题，小概率可能会被冲，但是，即使是小概率事件，喻文波都知道公', '看到全职高手因为联动黑神话被抵制被迫道歉的瓜，突然有点想法，在直播的时候有人问他为什么不玩黑神话，他说”主播只会玩英雄联盟”，喻文波在LOL职业选手里面算长得比较清秀的，所以女粉稍微多一些，但女粉多归多，毕竟是LOL职业选手，男粉比例绝对也不低，再加上竞女对哥哥的宽容度普遍较高，所以喻文波即便真的开播黑神话，大概率不会有什么问题，小概率可能会被冲，但是，即使是小概率事件，喻文波都知道公众人物要尽', '看到全职高手因为联动黑神话被抵制被迫道歉的瓜，突然有点想法，在直播的时候有人问他为什么不玩黑神话，他说”主播只会玩英雄联盟”，喻文波在LOL职业选手里面算长得比较清秀的，所以女粉稍微多一些，但女粉多归多，毕竟是LOL职业选手，男粉比例绝对也不低，再加上竞女对哥哥的宽容度普遍较高，所以喻文波即便真的开播黑神话，大概率不会有什么问题，小概率可能会被冲，但是，即使是小概率事件，喻文波都知道公众人物要尽']","['黑神话', '抵制', '只会', '道歉', '想法', '有人', '联动', '被迫', '事件', '真的']",19
20,20_游戏_纠结_带动_反向,"['游戏', '纠结', '带动', '反向', '黑马', '一款', '时代', '叙事', '营销', '全网']","['这种治好了也是流口水也是为男性叙事感动起来了，我去查了rn的点是游戏中一个主创在2013年说过不需 要女玩家反向带动，\u200b\u200b::05:32，全网大力营销黑马楼但是又说这游戏rn搞得我很纠结，我都没开始玩任何网游和丰游，他这个话有时代局限，我现在挺纠结的一方面觉得这游戏罪不至此还是一款火，出圈的国产游戏另一方面看到女性玩这个游戏也有一种，#乃万乙游#以她的性格我以为她', '男的演点好的治好了也是流口水也是为男性叙事感动起来了，我去查了rn的点是游戏中一个主创在2013年说过不需 要女玩家反向带动，\u200b\u200b::05:32，全网大力营销黑马楼但是又说这游戏rn搞得我很纠结，我都没开始玩任何网游和丰游，他这个话有时代局限，我现在挺纠结的一方面觉得这游戏罪不至此还是一款火，出圈的国产游戏另一方面看到女性玩这个游戏也有一种，#乃万乙游#以她的性格', '广西吗喽中间的猩猩相惜也是为男性叙事感动起来了，我去查了rn的点是游戏中一个主创在2013年说过不需 要女玩家反向带动，\u200b\u200b::05:32，全网大力营销黑马楼但是又说这游戏rn搞得我很纠结，我都没开始玩任何网游和丰游，他这个话有时代局限，我现在挺纠结的一方面觉得这游戏罪不至此还是一款火，出圈的国产游戏另一方面看到女性玩这个游戏也有一种，#乃万乙游#以她的性格我以为她玩的是']","['游戏', '纠结', '带动', '反向', '黑马', '一款', '时代', '叙事', '营销', '全网']",19
21,21_杨奇_女玩家_还会_侮辱,"['杨奇', '女玩家', '还会', '侮辱', '被迫', '简单', '喜欢', '纠结', '刻板', '黑神话']","['恶俗#黑神话悟空不需要女玩家##黑神话悟空##黑神话悟空辱女##黑神话#，还会让男性认为只要能作品好，那侮辱女性是理所应当、没任何问题的事，上个集合被锁了，我继续发，如果被迫换号，我还是会继续发，能让多一个人看到和了解这些，就是我的动力，我其实存了杨奇rh的资料，但是这个很容易炸，我还在纠结要不要发，p1，当下战火的起源，杨奇13年在原文大段写女玩家只玩简单游戏、只喜欢刻板印象里的女性流', '#黑神话悟空不需要女玩家##黑神话悟空##黑神话悟空辱女##黑神话#，还会让男性认为只要能作品好，那侮辱女性是理所应当、没任何问题的事，上个集合被锁了，我继续发，如果被迫换号，我还是会继续发，能让多一个人看到和了解这些，就是我的动力，我其实存了杨奇rh的资料，但是这个很容易炸，我还在纠结要不要发，p1，当下战火的起源，杨奇13年在原文大段写女玩家只玩简单游戏、只喜欢刻板印象里的女性流行商', '#黑神话悟空不需要女玩家##黑神话悟空##黑神话悟空辱女##黑神话#，还会让男性认为只要能作品好，那侮辱女性是理所应当、没任何问题的事，上个集合被锁了，我继续发，如果被迫换号，我还是会继续发，能让多一个人看到和了解这些，就是我的动力，我其实存了杨奇rh的资料，但是这个很容易炸，我还在纠结要不要发，p1，当下战火的起源，杨奇13年在原文大段写女玩家只玩简单游戏、只喜欢刻板印象里的女性流行商']","['杨奇', '女玩家', '还会', '侮辱', '被迫', '简单', '喜欢', '纠结', '刻板', '黑神话']",17
22,22_热度_历史_游戏_依然,"['热度', '历史', '游戏', '依然', '攻击', '反对', '黑马', '发生', '悟空', '选择']","['呵呵，被我狂推荐过的女up翻车了，还挽尊说很游戏无关，她不知道游戏发生了什么，不就是图黑马喽的热度，既想蹭热度吸引一波不存在的男粉，又想稳住女粉别掉粉，想出这么一招，但是女粉既然反对了，依然选择讨好不存在的男粉，而去攻击女粉说人家是黑你不信任你，置顶|1.这不是恰饭！不是广告！讲的是《西游记》，2.这个历史视频，我理头整理各种资料做了10天，3.我讲的是140', '呵呵，被我狂推荐过的女up翻车了，还挽尊说很游戏无关，她不知道游戏发生了什么，不就是图黑马喽的热度，既想蹭热度吸引一波不存在的男粉，又想稳住女粉别掉粉，想出这么一招，但是女粉既然反对了，依然选择讨好不存在的男粉，而去攻击女粉说人家是黑你不信任你，置顶|1.这不是恰饭！不是广告！讲的是《西游记》，2.这个历史视频，我理头整理各种资料做了10天，3.我讲的是1400年，黑悟空“的演变', '故意的呗，虐粉转换新赛道，还可以求取男人的欢心//，还挽尊说很游戏无关，她不知道游戏发生了什么，不就是图黑马喽的热度，既想蹭热度吸引一波不存在的男粉，又想稳住女粉别掉粉，想出这么一招，但是女粉既然反对了，依然选择讨好不存在的男粉，而去攻击女粉说人家是黑你不信任你，置顶|1.这不是恰饭！不是广告！讲的是《西游记》，2.这个历史视频，我理头整理各种资料做了10天，3.我讲的是1400年，黑悟空“的演']","['热度', '历史', '游戏', '依然', '攻击', '反对', '黑马', '发生', '悟空', '选择']",17
23,23_杨奇_女玩家_商品_喜欢,"['杨奇', '女玩家', '商品', '喜欢', '还会', '侮辱', '被迫', '刻板', '印象', '纠结']","['nmd#黑神话悟空不需要女玩家##黑神话悟空##黑神话悟空辱女##黑神话#，还会让男性认为只要能作品好，那侮辱女性是理所应当、没任何问题的事，上个集合被锁了，我继续发，如果被迫换号，我还是会继续发，能让多一个人看到和了解这些，就是我的动力，我其实存了杨奇rh的资料，但是这个很容易炸，我还在纠结要不要发，p1，当下战火的起源，杨奇13年在原文大段写女玩家只玩简单游戏、只喜欢刻板印象里的女性流行商品', '#黑神话悟空不需要女玩家##黑神话悟空##黑神话悟空辱女##黑神话#，还会让男性认为只要能作品好，那侮辱女性是理所应当、没任何问题的事，上个集合被锁了，我继续发，如果被迫换号，我还是会继续发，能让多一个人看到和了解这些，就是我的动力，我其实存了杨奇rh的资料，但是这个很容易炸，我还在纠结要不要发，p1，当下战火的起源，杨奇13年在原文大段写女玩家只玩简单游戏、只喜欢刻板印象里的女性流行商品', '犯贱#黑神话悟空不需要女玩家##黑神话悟空##黑神话悟空辱女##黑神话#，还会让男性认为只要能作品好，那侮辱女性是理所应当、没任何问题的事，上个集合被锁了，我继续发，如果被迫换号，我还是会继续发，能让多一个人看到和了解这些，就是我的动力，我其实存了杨奇rh的资料，但是这个很容易炸，我还在纠结要不要发，p1，当下战火的起源，杨奇13年在原文大段写女玩家只玩简单游戏、只喜欢刻板印象里的女性流行商品、']","['杨奇', '女玩家', '商品', '喜欢', '还会', '侮辱', '被迫', '刻板', '印象', '纠结']",16
24,24_游戏_黑马_纠结_小说,"['游戏', '黑马', '纠结', '小说', '一款', '带动', '反向', '时代', '一种', '营销']","['\u200b\u200b::05:32，我去查了rn的点是游戏中一个主创在2013年说过不需 要女玩家反向带动，全网大力营销黑马楼但是又说这游戏rn搞得我很纠结，我都没开始玩任何网游和丰游，他这个话有时代局限，我现在挺纠结的一方面觉得这游戏罪不至此还是一款火，出圈的国产游戏另一方面看到女性玩这个游戏也有一种，#乃万乙游#以她的性格我以为她玩的是黑马楼并且会，#黄灿灿的微博像一本青春校园小说#', '\u200b\u200b::05:32，我去查了rn的点是游戏中一个主创在2013年说过不需 要女玩家反向带动，全网大力营销黑马楼但是又说这游戏rn搞得我很纠结，我都没开始玩任何网游和丰游，他这个话有时代局限，我现在挺纠结的一方面觉得这游戏罪不至此还是一款火，出圈的国产游戏另一方面看到女性玩这个游戏也有一种，#乃万乙游#以她的性格我以为她玩的是黑马楼并且会，#黄灿灿的微博像一本青春校园小说#', '\u200b\u200b::05:32，我去查了rn的点是游戏中一个主创在2013年说过不需 要女玩家反向带动，全网大力营销黑马楼但是又说这游戏rn搞得我很纠结，我都没开始玩任何网游和丰游，他这个话有时代局限，我现在挺纠结的一方面觉得这游戏罪不至此还是一款火，出圈的国产游戏另一方面看到女性玩这个游戏也有一种，#乃万乙游#以她的性格我以为她玩的是黑马楼并且会，#黄灿灿的微博像一本青春校园小说#']","['游戏', '黑马', '纠结', '小说', '一款', '带动', '反向', '时代', '一种', '营销']",16
25,25_玩游戏_玩家_男性_女玩家,"['玩游戏', '玩家', '男性', '女玩家', '女性玩家', '群体', '权利', '几个', '发言', '情况']","['那就是五月份时期，某宅男群体的ml游戏由于太过低俗被加改，后是拿几个不成证据的图说是女性玩家到处去他们那里鸠占鹊巢，而他们目前自称乙游男性玩家，先是又当又立说自己也有玩游戏的权利，叠纸没有要求男性不能玩，可以看到，还有不少你家温和女玩家真的在教他们玩游戏和推荐，公开造谣式发言他们才是大头玩家，要求女角色裸露色情，只是提醒一下，这种情况下，还会有中立女玩家上赶着去拉偏架和喊平等吗，这三名', '那就是五月份时期，某宅男群体的ml游戏由于太过低俗被加改，后是拿几个不成证据的图说是女性玩家到处去他们那里鸠占鹊巢，而他们目前自称乙游男性玩家，先是又当又立说自己也有玩游戏的权利，叠纸没有要求男性不能玩，可以看到，还有不少你家温和女玩家真的在教他们玩游戏和推荐，公开造谣式发言他们才是大头玩家，要求女角色裸露色情，只是提醒一下，这种情况下，还会有中立女玩家上赶着去拉偏架和喊平等吗，这三名', '那就是五月份时期，某宅男群体的ml游戏由于太过低俗被加改，后是拿几个不成证据的图说是女性玩家到处去他们那里鸠占鹊巢，而他们目前自称乙游男性玩家，先是又当又立说自己也有玩游戏的权利，叠纸没有要求男性不能玩，可以看到，还有不少你家温和女玩家真的在教他们玩游戏和推荐，公开造谣式发言他们才是大头玩家，要求女角色裸露色情，只是提醒一下，这种情况下，还会有中立女玩家上赶着去拉偏架和喊平等吗，这三名']","['玩游戏', '玩家', '男性', '女玩家', '女性玩家', '群体', '权利', '几个', '发言', '情况']",16
26,26_联动_厌女_尊重_悟空,"['联动', '厌女', '尊重', '悟空', '黑神话', '游戏', '黑神话悟空', '背景', '寻思', '记得']","['转游戏《黑神话：悟空》避雷了，厌女“3A大作”最近在宣发 新增加黑神话悟空和曾经被爆不尊重女性的Cherry键盘的梦幻联动 \u200b\u200b', '转游戏《黑神话：悟空》避雷了，厌女“3A大作”最近在宣发 新增加黑神话悟空和曾经被爆不尊重女性的Cherry键盘的梦幻联动 \u200b\u200b', '刷到了鞭尸一下♡游戏《黑神话：悟空》避雷了，厌女“3A大作”最近在宣发 新增加黑神话悟空和曾经被爆不尊重女性的Cherry键盘的梦幻联动 \u200b\u200b']","['联动', '厌女', '尊重', '悟空', '黑神话', '游戏', '黑神话悟空', '背景', '寻思', '记得']",15
